PatientID,Age,Gender,Ethnicity,EducationLevel,BMI,Smoking,AlcoholConsumption,PhysicalActivity,DietQuality,SleepQuality,FamilyHistoryAlzheimers,CardiovascularDisease,Diabetes,Depression,HeadInjury,Hypertension,AverageBP,CholesterolTotal,MMSE,FunctionalAssessment,MemoryComplaints,BehavioralProblems,ADL,Confusion,Disorientation,PersonalityChanges,DifficultyCompletingTasks,Forgetfulness
1,60,0,0,2,38.38782,0,0.5426,5.62841,0.48615,2.2354,0,0,0,1,0,0,90,180.695,28.3245,6.51478,1,0,9.5416,1,0,0,0,1
2,84,1,0,0,22.45525,0,19.55508,6.310461,0.2415,8.21458,0,1,0,1,0,1,95,201.4536,20.8456,20.54125,0,1,8.4756,1,0,1,0,1
3,89,1,3,1,18.77601,1,1.58724,3.45267,2.84516,9.75246,0,0,1,0,1,1,101,190.785,25.4756,15.3246,0,0,7.1475,0,0,0,0,0
4,85,1,0,0,20.0414,1,10.8979,1.849325,1.4896,2.45861,1,1,1,1,1,1,159,240.894,15.8974,20.2578,1,1,1.2548,1,1,1,1,1
